,Class
0,1
1,2
2,2
3,2
4,1
5,1
6,1
7,2
8,2
9,1
10,2
11,2
12,1
13,1
14,1
15,2
16,2
17,1
18,2
19,2
20,1
21,1
22,2
23,2
24,2
25,1
26,2
27,1
28,1
29,1
30,1
31,2
32,1
33,2
34,2
35,1
36,1
37,1
38,2
39,1
40,1
41,2
42,1
43,1
44,2
45,1
46,1
47,2
48,1
49,2
50,1
51,1
52,2
53,2
54,2
55,1
56,1
57,2
58,1
59,1
60,2
61,2
62,1
63,1
64,2
65,1
66,2
67,2
68,1
69,1
70,2
71,2
72,1
73,1
74,1
75,2
76,2
77,2
78,1
79,1
80,2
81,2
82,2
83,2
84,2
85,1
86,2
87,1
88,1
89,2
90,1
91,2
92,2
93,2
94,2
95,2
96,2
97,1
98,1
99,1
100,2
101,1
102,1
103,1
104,1
105,1
106,1
107,2
108,2
109,2
110,1
111,2
112,2
113,1
114,2
115,1
116,1
117,2
118,1
119,2
120,2
121,2
122,2
123,2
124,2
125,1
126,1
127,2
128,2
129,2
130,2
131,2
132,1
133,1
134,2
135,1
136,2
137,1
138,2
139,1
140,1
141,2
142,1
143,1
144,2
145,1
146,1
147,2
148,2
149,2
150,2
151,2
152,2
153,2
154,2
155,1
156,2
157,2
158,2
159,1
160,1
161,1
162,2
163,2
164,2
165,1
166,2
167,1
168,1
169,2
170,2
171,1
172,1
173,1
174,2
175,1
176,1
177,2
178,2
179,1
180,2
181,2
182,1
183,1
184,1
185,1
186,2
187,1
188,2
189,2
190,2
191,2
192,2
193,1
194,2
195,1
196,1
197,1
198,2
199,2
200,2
201,2
202,1
203,2
204,2
205,2
206,2
207,2
208,2
209,1
210,2
211,2
212,2
213,2
214,2
215,1
216,2
217,2
218,1
219,1
220,2
221,2
222,1
223,1
224,1
225,2
226,1
227,2
228,1
229,1
230,1
231,2
232,1
233,1
234,1
235,2
236,2
237,2
238,2
239,1
240,2
241,1
242,2
243,1
244,2
245,1
246,1
247,2
248,1
249,1
250,2
251,2
252,1
253,1
254,1
255,1
256,2
257,1
258,1
259,1
260,2
261,1
262,2
263,2
264,2
265,2
266,1
267,2
268,1
269,2
270,1
271,1
272,2
273,1
274,1
275,2
276,2
277,2
278,2
279,2
280,1
281,1
282,1
283,2
284,2
285,2
286,2
287,2
288,1
289,1
290,1
291,2
292,1
293,2
294,2
295,2
296,2
297,2
298,2
299,1
300,2
301,1
302,1
303,2
304,2
305,1
306,1
307,1
308,1
309,2
310,2
311,1
312,2
313,2
314,1
315,1
316,2
317,2
318,1
319,1
320,2
321,1
322,2
323,2
324,2
325,2
326,2
327,1
328,2
329,1
330,2
331,2
332,2
333,2
334,1
335,2
336,1
337,1
338,1
339,1
340,2
341,2
342,1
343,1
344,1
345,2
346,1
347,2
348,2
349,2
350,1
351,1
352,2
353,2
354,1
355,2
356,2
357,2
358,2
359,1
360,2
361,2
362,2
363,2
364,1
365,2
366,2
367,2
368,1
369,1
370,2
371,1
372,2
373,2
374,2
375,2
376,1
377,2
378,2
379,1
380,2
381,2
382,1
383,1
384,2
385,1
386,1
387,2
388,1
389,1
390,2
391,1
392,1
393,1
394,1
395,2
396,1
397,1
398,2
399,1
400,1
401,2
402,1
403,2
404,1
405,1
406,1
407,1
408,1
409,2
410,2
411,1
412,2
413,2
414,1
415,1
416,1
417,2
418,1
419,1
420,2
421,2
422,1
423,2
424,1
425,2
426,2
427,2
428,2
429,2
430,2
431,2
432,2
433,2
434,1
435,2
436,1
437,1
438,1
439,1
440,2
441,1
442,1
443,2
444,1
445,1
446,1
447,2
448,1
449,2
450,2
451,2
452,1
453,2
454,1
455,2
456,2
457,1
458,1
459,2
460,2
461,1
462,2
463,2
464,1
465,1
466,1
467,2
468,2
469,1
470,2
471,2
472,2
473,2
474,2
475,1
476,1
477,2
478,1
479,1
480,1
481,2
482,2
483,2
484,1
485,2
486,2
487,1
488,1
489,2
490,1
491,1
492,2
493,2
494,1
495,2
496,1
497,2
498,1
499,2
500,1
501,2
502,1
503,2
504,1
505,1
506,1
507,2
508,2
509,2
510,1
511,1
512,2
513,2
514,2
515,2
516,1
517,2
518,1
519,1
520,1
521,2
522,1
523,1
524,2
525,2
526,2
527,1
528,2
529,2
530,2
531,1
532,2
533,1
534,2
535,1
536,1
537,2
538,2
539,1
540,2
541,2
542,1
543,2
544,2
545,1
546,2
547,2
548,2
549,2
550,2
551,2
552,2
553,1
554,2
555,2
556,1
557,1
558,1
559,2
560,2
561,1
562,2
563,1
564,2
565,2
566,2
567,1
568,2
569,2
570,1
571,2
572,2
573,1
574,2
575,1
576,2
577,2
578,1
579,1
580,2
581,1
582,1
583,1
584,2
585,2
586,1
587,2
588,2
589,1
590,2
591,2
592,2
593,1
594,2
595,2
596,1
597,2
598,1
599,1
600,1
601,1
602,1
603,2
604,1
605,1
606,2
607,2
608,2
609,2
610,2
611,2
612,2
613,1
614,1
615,1
616,2
617,1
618,1
619,1
620,2
621,1
622,2
623,1
624,2
625,1
626,2
627,2
628,1
629,1
630,1
631,1
632,2
633,2
634,2
635,1
636,2
637,1
638,2
639,1
640,1
641,2
642,1
643,1
644,2
645,1
646,1
647,2
648,2
649,1
650,1
651,1
652,1
653,2
654,2
655,1
656,2
657,2
658,1
659,1
660,1
661,2
662,2
663,2
664,1
665,1
666,2
667,2
668,1
669,2
670,1
671,1
672,1
673,2
674,2
675,1
676,2
677,2
678,1
679,1
680,1
681,2
682,2
683,1
684,1
685,2
686,2
687,2
688,1
689,2
690,2
691,1
692,1
693,2
694,1
695,2
696,1
697,2
698,2
699,2
700,1
701,1
702,1
703,1
704,1
705,1
706,2
707,2
708,2
709,2
710,1
711,1
712,1
713,2
714,1
715,1
716,2
717,2
718,2
719,1
720,2
721,2
722,2
723,1
724,1
725,1
726,2
727,2
728,2
729,1
730,2
731,2
732,1
733,2
734,2
735,1
736,2
737,2
738,2
739,1
740,1
741,1
742,2
743,1
744,2
745,2
746,1
747,1
748,1
749,2
750,1
751,2
752,1
753,1
754,1
755,1
756,1
757,2
758,1
759,1
760,1
761,1
762,2
763,2
764,1
765,1
766,1
767,1
768,1
769,1
770,2
771,2
772,2
773,1
774,2
775,1
776,2
777,1
778,2
779,2
780,1
781,1
782,1
783,2
784,1
785,2
786,1
787,2
788,2
789,1
790,2
791,1
792,2
793,1
794,1
795,1
796,1
797,2
798,2
799,1
800,2
801,1
802,2
803,1
804,2
805,2
806,1
807,2
808,1
809,1
810,1
811,2
812,1
813,1
814,1
815,2
816,1
817,1
818,2
819,2
820,1
821,2
822,2
823,2
824,2
825,2
826,1
827,1
828,1
829,2
830,1
831,1
832,1
833,1
834,2
835,2
836,2
837,1
838,1
839,1
840,2
841,1
842,2
843,2
844,1
845,2
846,1
847,2
848,2
849,2
850,2
851,2
852,1
853,1
854,1
855,1
856,1
857,1
858,1
859,1
860,2
861,2
862,1
863,2
864,1
865,1
866,2
867,1
868,2
869,1
870,1
871,2
872,1
873,2
874,2
875,1
876,2
877,1
878,2
879,1
880,2
881,2
882,2
883,1
884,2
885,2
886,2
887,1
888,1
889,1
890,1
891,2
892,2
893,1
894,2
895,2
896,2
897,1
898,1
899,2
900,1
901,1
902,2
903,1
904,1
905,1
906,2
907,2
908,2
909,2
910,1
911,2
912,2
913,1
914,2
915,2
916,2
917,2
918,1
919,2
920,2
921,1
922,1
923,1
924,2
925,1
926,2
927,2
928,2
929,1
930,1
931,1
932,2
933,1
934,1
935,2
936,2
937,1
938,2
939,1
940,1
941,1
942,1
943,2
944,2
945,2
946,2
947,2
948,1
949,1
950,1
951,1
952,2
953,2
954,1
955,1
956,1
957,1
958,2
959,2
960,1
961,2
962,1
963,2
964,2
965,1
966,2
967,2
968,1
969,2
970,2
971,2
972,2
973,2
974,2
975,1
976,2
977,1
978,2
979,2
980,2
981,1
982,1
983,2
984,2
985,1
986,2
987,1
988,2
989,1
990,1
991,1
992,2
993,2
994,1
995,2
996,1
997,2
998,1
999,1
1000,2
1001,1
1002,2
1003,1
1004,2
1005,2
1006,1
1007,2
1008,1
1009,1
1010,2
1011,2
1012,2
1013,1
1014,1
1015,2
1016,2
1017,2
1018,2
1019,1
1020,1
1021,1
1022,1
1023,2
1024,1
1025,1
1026,1
1027,1
1028,1
1029,2
1030,2
1031,2
1032,2
1033,1
1034,1
1035,1
1036,2
1037,1
1038,2
1039,1
1040,1
1041,1
1042,1
1043,2
1044,1
1045,2
1046,2
1047,1
1048,2
1049,2
1050,1
1051,2
1052,2
1053,1
1054,2
1055,1
1056,1
1057,1
1058,2
1059,2
1060,1
1061,2
1062,2
1063,2
1064,1
1065,2
1066,2
1067,2
1068,1
1069,2
1070,2
1071,2
1072,2
1073,1
1074,2
1075,1
1076,1
1077,2
1078,2
1079,1
1080,2
1081,1
1082,2
1083,2
1084,2
1085,1
1086,2
1087,1
1088,1
1089,1
1090,2
1091,2
1092,1
1093,2
1094,2
1095,2
1096,2
1097,2
1098,1
1099,2
1100,2
1101,2
1102,2
1103,1
1104,1
1105,1
1106,2
1107,1
1108,2
1109,1
1110,1
1111,1
1112,2
1113,1
1114,2
1115,2
1116,2
1117,2
1118,1
1119,1
1120,1
1121,2
1122,1
1123,1
1124,2
1125,1
1126,2
1127,2
1128,1
1129,1
1130,1
1131,2
1132,2
1133,2
1134,2
1135,1
1136,2
1137,1
1138,2
1139,2
1140,2
1141,1
1142,1
1143,2
1144,2
1145,1
1146,2
1147,1
1148,2
1149,2
1150,2
1151,2
1152,1
1153,1
1154,2
1155,2
1156,1
1157,2
1158,1
1159,1
1160,2
1161,2
1162,2
1163,1
1164,1
1165,2
1166,2
1167,1
1168,1
1169,2
1170,1
1171,2
1172,2
1173,2
1174,2
1175,2
1176,2
1177,1
1178,1
1179,2
1180,2
1181,1
1182,1
1183,2
1184,2
1185,1
1186,1
1187,2
1188,1
1189,2
1190,1
1191,1
1192,1
1193,1
1194,2
1195,1
1196,1
1197,2
1198,1
1199,2
1200,1
1201,2
1202,1
1203,1
1204,1
1205,1
1206,1
1207,2
1208,2
1209,2
1210,2
1211,1
1212,2
1213,2
1214,2
1215,1
1216,2
1217,1
1218,1
1219,1
1220,1
1221,2
1222,2
1223,1
1224,1
1225,1
1226,1
1227,2
1228,1
1229,1
1230,1
1231,1
1232,2
1233,1
1234,2
1235,2
1236,2
1237,1
1238,2
1239,2
1240,2
1241,1
1242,1
1243,1
1244,1
1245,2
1246,2
1247,2
1248,1
1249,1
1250,2
1251,1
1252,1
1253,2
1254,1
1255,1
1256,2
1257,2
1258,2
1259,2
1260,2
1261,2
1262,2
1263,2
1264,1
1265,2
1266,2
1267,2
1268,1
1269,2
1270,2
1271,1
1272,2
1273,2
1274,2
1275,2
1276,2
1277,2
1278,1
1279,2
1280,2
1281,2
1282,1
1283,2
1284,2
1285,2
1286,1
1287,1
1288,2
1289,1
1290,2
1291,1
1292,1
1293,2
1294,2
1295,1
1296,1
1297,2
1298,2
1299,1
1300,1
1301,2
1302,1
1303,2
1304,2
1305,1
1306,2
1307,2
1308,1
1309,1
1310,1
1311,2
1312,1
1313,1
1314,2
1315,1
1316,2
1317,1
1318,2
1319,2
1320,2
1321,2
1322,2
1323,2
1324,1
1325,1
1326,1
1327,1
1328,2
1329,1
1330,1
1331,1
1332,2
1333,2
1334,2
1335,2
1336,1
1337,2
1338,2
1339,2
1340,1
1341,2
1342,1
1343,2
1344,1
1345,1
1346,2
1347,1
1348,2
1349,2
1350,2
1351,1
1352,1
1353,1
1354,1
1355,1
1356,2
1357,1
1358,2
1359,1
1360,1
1361,1
1362,1
1363,1
1364,2
1365,1
1366,2
1367,2
1368,2
1369,2
1370,1
1371,1
1372,2
1373,2
1374,2
1375,1
1376,2
1377,1
1378,2
1379,2
1380,2
1381,2
1382,1
1383,2
1384,1
1385,2
1386,2
1387,2
1388,2
1389,2
1390,2
1391,1
1392,2
1393,1
1394,2
1395,1
1396,1
1397,2
1398,1
1399,1
1400,2
1401,2
1402,1
1403,2
1404,1
1405,2
1406,1
1407,2
1408,2
1409,2
1410,1
1411,1
1412,2
1413,2
1414,2
1415,2
1416,1
1417,2
1418,1
1419,1
1420,1
1421,1
1422,2
1423,2
1424,1
1425,1
1426,2
1427,2
1428,1
1429,1
1430,1
1431,1
1432,2
1433,1
1434,1
1435,2
1436,1
1437,1
1438,1
1439,1
1440,1
1441,2
1442,1
1443,1
1444,2
1445,2
1446,2
1447,2
1448,2
1449,1
1450,1
1451,2
1452,2
1453,1
1454,1
1455,1
1456,1
1457,2
1458,1
1459,2
1460,2
1461,1
1462,1
1463,2
1464,2
1465,1
1466,1
1467,2
1468,1
1469,1
1470,1
1471,2
1472,2
1473,1
1474,1
1475,1
1476,2
1477,2
1478,2
1479,2
1480,1
1481,2
1482,2
1483,2
1484,2
1485,1
1486,2
1487,1
1488,2
1489,1
1490,2
1491,1
1492,2
1493,1
1494,1
1495,1
1496,1
1497,1
1498,2
1499,1
1500,2
1501,2
1502,1
1503,2
1504,2
1505,1
1506,2
1507,2
1508,1
1509,2
1510,1
1511,2
1512,1
1513,1
1514,2
1515,1
1516,1
1517,1
1518,2
1519,2
1520,2
1521,2
1522,2
1523,2
1524,2
1525,2
1526,1
1527,2
1528,2
1529,1
1530,1
1531,1
1532,1
1533,2
1534,1
1535,2
1536,1
1537,2
1538,2
1539,2
1540,1
1541,2
1542,1
1543,2
1544,1
1545,2
1546,1
1547,2
1548,2
1549,1
1550,2
1551,1
1552,1
1553,1
1554,2
1555,1
1556,2
1557,1
1558,2
1559,2
1560,1
1561,2
1562,1
1563,2
1564,1
1565,2
1566,1
1567,2
1568,2
1569,1
1570,2
1571,1
1572,1
1573,1
1574,2
1575,2
1576,1
1577,1
1578,2
1579,2
1580,2
1581,1
1582,1
1583,2
1584,2
1585,2
1586,2
1587,1
1588,2
1589,2
1590,2
1591,2
1592,1
1593,1
1594,1
1595,1
1596,1
1597,2
1598,2
1599,1
1600,2
1601,2
1602,2
1603,2
1604,1
1605,1
1606,2
1607,2
1608,1
1609,2
1610,2
1611,1
1612,1
1613,2
1614,1
1615,1
1616,1
1617,1
1618,2
1619,1
1620,1
1621,1
1622,2
1623,2
1624,2
1625,2
1626,2
1627,1
1628,2
1629,1
1630,1
1631,2
1632,1
1633,1
1634,2
1635,1
1636,2
1637,2
1638,1
1639,1
1640,1
1641,2
1642,2
1643,1
1644,1
1645,2
1646,2
1647,1
1648,2
1649,1
1650,1
1651,1
1652,1
1653,1
1654,2
1655,1
1656,2
1657,2
1658,2
1659,1
1660,2
1661,2
1662,1
1663,1
1664,1
1665,1
1666,2
1667,2
1668,2
1669,1
1670,2
1671,2
1672,1
1673,2
1674,1
1675,2
1676,2
1677,1
1678,1
1679,1
1680,1
1681,2
1682,2
1683,2
1684,1
1685,1
1686,2
1687,1
1688,1
1689,2
1690,1
1691,2
1692,2
1693,2
1694,1
1695,1
1696,1
1697,2
1698,1
1699,2
1700,1
1701,2
1702,2
1703,1
1704,1
1705,2
1706,1
1707,1
1708,1
1709,1
1710,2
1711,2
1712,1
1713,1
1714,1
1715,2
1716,2
1717,1
1718,1
1719,1
1720,1
1721,2
1722,1
1723,2
1724,1
1725,2
1726,1
1727,2
1728,1
1729,2
1730,1
1731,1
1732,2
1733,1
1734,1
1735,2
1736,1
1737,2
1738,1
1739,2
1740,2
1741,2
1742,1
1743,1
1744,1
1745,1
1746,2
1747,1
1748,1
1749,1
1750,1
1751,2
1752,2
1753,1
1754,2
1755,2
1756,1
1757,2
1758,1
1759,2
1760,1
1761,2
1762,2
1763,2
1764,2
1765,2
1766,2
1767,1
1768,1
1769,2
1770,2
1771,1
1772,2
1773,1
1774,2
1775,2
1776,1
1777,1
1778,1
1779,1
1780,1
1781,1
1782,2
1783,2
1784,1
1785,2
1786,1
1787,2
1788,1
1789,2
1790,1
1791,1
1792,2
1793,2
1794,1
1795,1
1796,1
1797,2
1798,2
1799,2
1800,1
1801,1
1802,2
1803,1
1804,1
1805,1
1806,2
1807,2
1808,1
1809,2
1810,2
1811,2
1812,1
1813,2
1814,1
1815,1
1816,2
1817,1
1818,1
1819,1
1820,2
1821,1
1822,1
1823,2
1824,1
1825,2
1826,2
1827,2
1828,2
1829,1
1830,1
1831,2
1832,1
1833,1
1834,2
1835,1
1836,2
1837,2
1838,2
1839,2
1840,1
1841,2
1842,1
1843,2
1844,2
1845,1
1846,1
1847,2
1848,2
1849,2
1850,1
1851,1
1852,1
1853,1
1854,2
1855,1
1856,1
1857,1
1858,2
1859,1
1860,1
1861,2
1862,2
1863,2
1864,1
1865,1
1866,2
1867,1
1868,2
1869,2
1870,2
1871,2
1872,1
1873,1
1874,1
1875,1
1876,1
1877,1
1878,1
1879,1
1880,1
1881,2
1882,2
1883,1
1884,1
1885,1
1886,1
1887,1
1888,2
1889,1
1890,2
1891,2
1892,2
1893,1
1894,2
1895,1
1896,2
1897,1
1898,2
1899,1
1900,1
1901,1
1902,2
1903,1
1904,2
1905,1
1906,1
1907,1
1908,2
1909,1
1910,2
1911,1
1912,1
1913,2
1914,2
1915,2
1916,2
1917,1
1918,1
1919,2
1920,1
1921,2
1922,2
1923,1
1924,2
1925,1
1926,1
1927,1
1928,1
1929,2
1930,1
1931,2
1932,2
1933,1
1934,1
1935,2
1936,2
1937,1
1938,1
1939,1
1940,1
1941,1
1942,2
1943,1
1944,1
1945,1
1946,2
1947,2
1948,1
1949,2
1950,2
1951,2
1952,2
1953,1
1954,1
1955,1
1956,2
1957,2
1958,1
1959,1
1960,1
1961,2
1962,2
1963,2
1964,2
1965,2
1966,1
1967,1
1968,1
1969,2
1970,1
1971,1
1972,1
1973,2
1974,2
1975,2
1976,2
1977,2
1978,2
1979,1
1980,1
1981,1
1982,1
1983,1
1984,2
1985,2
1986,2
1987,2
1988,2
1989,2
1990,1
1991,1
1992,1
1993,1
1994,2
1995,2
1996,1
1997,2
1998,2
1999,1
2000,2
2001,2
2002,1
2003,1
2004,2
2005,1
2006,2
2007,1
2008,1
2009,2
2010,1
2011,2
2012,1
2013,1
2014,1
2015,2
2016,1
2017,1
2018,2
2019,1
2020,1
2021,2
2022,1
2023,1
2024,1
2025,2
2026,2
2027,2
2028,1
2029,1
2030,1
2031,1
2032,1
2033,2
2034,1
2035,1
2036,2
2037,1
2038,2
2039,1
2040,2
2041,1
2042,2
2043,1
2044,2
2045,1
2046,1
2047,2
2048,2
2049,2
2050,2
2051,1
2052,2
2053,2
2054,1
2055,2
2056,1
2057,2
2058,1
2059,1
2060,1
2061,1
2062,2
2063,2
2064,1
2065,2
2066,2
2067,1
2068,2
2069,1
2070,2
2071,1
2072,2
2073,1
2074,1
2075,1
2076,1
2077,1
2078,2
2079,2
2080,1
2081,1
2082,1
2083,1
2084,1
2085,1
2086,1
2087,1
2088,1
2089,1
2090,1
2091,1
2092,1
2093,2
2094,2
2095,2
2096,2
2097,1
2098,1
2099,2
2100,1
2101,1
2102,2
2103,2
2104,1
2105,2
2106,2
2107,2
2108,2
2109,1
2110,1
2111,2
2112,2
2113,2
2114,2
2115,2
2116,1
2117,2
2118,1
2119,2
2120,2
2121,2
2122,1
2123,1
2124,2
2125,2
2126,1
2127,1
2128,2
2129,2
2130,2
2131,1
2132,1
2133,1
2134,1
2135,1
2136,2
2137,1
2138,2
2139,2
2140,1
2141,1
2142,2
2143,1
2144,1
2145,2
2146,1
2147,1
2148,2
2149,2
2150,1
2151,1
2152,1
2153,2
2154,2
2155,1
2156,1
2157,1
2158,2
2159,1
2160,2
2161,2
2162,1
2163,1
2164,2
2165,1
2166,1
2167,1
2168,2
2169,1
2170,1
2171,1
2172,2
2173,2
2174,2
2175,2
2176,2
2177,2
2178,2
2179,1
2180,1
2181,2
2182,1
2183,2
2184,1
2185,2
2186,1
2187,1
2188,1
2189,1
2190,1
2191,1
2192,2
2193,1
2194,2
2195,1
2196,2
2197,2
2198,1
2199,1
2200,2
2201,1
2202,1
2203,2
2204,1
2205,2
2206,2
2207,1
2208,1
2209,2
2210,1
2211,1
2212,2
2213,2
2214,2
2215,2
2216,1
2217,2
2218,1
2219,1
2220,1
2221,1
2222,1
2223,2
2224,1
2225,2
2226,1
2227,2
2228,1
2229,2
2230,2
2231,2
2232,1
2233,2
2234,2
2235,1
2236,2
2237,1
2238,1
2239,2
2240,2
2241,1
2242,2
2243,1
2244,2
2245,2
2246,1
2247,2
2248,2
2249,2
2250,1
2251,1
2252,2
2253,2
2254,1
2255,1
2256,2
2257,1
2258,1
2259,2
2260,2
2261,2
2262,2
2263,1
2264,2
2265,2
2266,2
2267,1
2268,2
2269,2
2270,1
2271,2
2272,2
2273,2
2274,1
2275,1
2276,2
2277,2
2278,2
2279,1
2280,1
2281,1
2282,1
2283,2
2284,2
2285,1
2286,1
2287,2
2288,1
2289,1
2290,2
2291,2
2292,2
2293,1
2294,2
2295,2
2296,1
2297,1
2298,2
2299,2
2300,1
2301,2
2302,2
2303,2
2304,2
2305,2
2306,1
2307,2
2308,1
2309,1
2310,2
2311,1
2312,2
2313,2
2314,1
2315,2
2316,1
2317,2
2318,1
2319,2
2320,1
2321,2
2322,1
2323,2
2324,2
2325,2
2326,1
2327,1
2328,1
2329,2
2330,2
2331,1
2332,2
2333,2
2334,1
2335,1
2336,2
2337,1
2338,2
2339,2
2340,2
2341,1
2342,1
2343,1
2344,1
2345,1
2346,1
2347,1
2348,1
2349,1
2350,1
2351,2
2352,2
2353,1
2354,1
2355,1
2356,1
2357,2
2358,1
2359,2
2360,1
2361,1
2362,2
2363,2
2364,2
2365,2
2366,1
2367,1
2368,2
2369,1
2370,1
2371,1
2372,2
2373,1
2374,2
2375,1
2376,1
2377,2
2378,2
2379,2
2380,1
2381,2
2382,2
2383,2
2384,2
2385,2
2386,2
2387,1
2388,2
2389,2
2390,2
2391,1
2392,2
2393,1
2394,2
2395,2
2396,1
2397,1
2398,1
2399,2
2400,1
2401,1
2402,1
2403,2
2404,2
2405,2
2406,1
2407,2
2408,2
2409,2
2410,1
2411,2
2412,1
2413,2
2414,2
2415,2
2416,1
2417,2
2418,2
2419,2
2420,2
2421,1
2422,2
2423,2
2424,2
2425,1
2426,1
2427,1
2428,2
2429,2
2430,2
2431,2
2432,2
2433,1
2434,2
2435,2
2436,2
2437,1
2438,2
2439,1
2440,2
2441,2
2442,1
2443,1
2444,2
2445,1
2446,2
2447,2
2448,1
2449,1
2450,2
2451,2
2452,2
2453,1
2454,1
2455,1
2456,1
2457,1
2458,2
2459,1
2460,2
2461,2
2462,2
2463,1
2464,2
2465,2
2466,2
2467,1
2468,2
2469,2
2470,1
2471,1
2472,2
2473,2
2474,2
2475,2
2476,2
2477,1
2478,2
2479,2
2480,1
2481,1
2482,1
2483,1
2484,1
2485,1
2486,2
2487,2
2488,2
2489,1
2490,2
2491,1
2492,1
2493,2
2494,2
2495,1
2496,2
2497,2
2498,1
2499,1
2500,2
2501,2
2502,2
2503,1
2504,1
2505,1
2506,1
2507,1
2508,1
2509,1
2510,2
2511,2
2512,1
2513,1
2514,1
2515,1
2516,1
2517,1
2518,1
2519,1
2520,1
2521,2
2522,1
2523,1
2524,1
2525,2
2526,2
2527,1
2528,2
2529,2
2530,1
2531,2
2532,2
2533,2
2534,1
2535,2
2536,1
2537,1
2538,2
2539,2
2540,1
2541,1
2542,2
2543,2
2544,2
2545,2
2546,1
2547,1
2548,2
2549,2
2550,2
2551,2
2552,1
2553,1
2554,2
2555,1
2556,2
2557,1
2558,1
2559,1
2560,1
2561,1
2562,2
2563,1
2564,1
2565,2
2566,1
2567,2
2568,1
2569,1
2570,1
2571,1
2572,2
2573,1
2574,1
2575,1
2576,1
2577,2
2578,1
2579,2
2580,2
2581,2
2582,2
2583,1
2584,2
2585,1
2586,2
2587,2
2588,1
2589,2
2590,2
2591,2
2592,2
2593,1
2594,2
2595,2
2596,1
2597,1
2598,1
2599,1
2600,1
2601,2
2602,2
2603,1
2604,1
2605,1
2606,2
2607,2
2608,1
2609,1
2610,2
2611,2
2612,2
2613,2
2614,2
2615,2
2616,2
2617,1
2618,1
2619,2
2620,2
2621,2
2622,1
2623,2
2624,1
2625,1
2626,2
2627,1
2628,2
2629,2
2630,1
2631,1
2632,1
2633,2
2634,1
2635,1
2636,1
2637,1
2638,2
2639,1
2640,1
2641,2
2642,2
2643,2
2644,1
2645,1
2646,2
2647,2
2648,2
2649,2
2650,1
2651,2
2652,2
2653,2
2654,1
2655,1
2656,1
2657,1
2658,2
2659,2
2660,1
2661,1
2662,1
2663,2
2664,1
2665,2
2666,2
2667,2
2668,2
2669,2
2670,1
2671,1
2672,1
2673,2
2674,2
2675,1
2676,2
2677,1
2678,2
2679,2
2680,1
2681,1
2682,1
2683,1
2684,2
2685,1
2686,1
2687,2
2688,1
2689,1
2690,1
2691,1
2692,2
2693,1
2694,1
2695,1
2696,1
2697,2
2698,2
2699,2
2700,2
2701,2
2702,1
2703,2
2704,2
2705,1
2706,1
2707,2
2708,1
2709,2
2710,2
2711,1
2712,1
2713,1
2714,2
2715,2
2716,2
2717,1
2718,1
2719,1
2720,1
2721,2
2722,1
2723,2
2724,2
2725,1
2726,2
2727,2
2728,1
2729,1
2730,2
2731,1
2732,2
2733,2
2734,2
2735,1
2736,2
2737,2
2738,1
2739,1
2740,1
2741,2
2742,1
2743,1
2744,2
2745,1
2746,1
2747,2
2748,2
2749,1
2750,1
2751,2
2752,1
2753,1
2754,2
2755,2
2756,2
2757,1
2758,1
2759,2
2760,1
2761,2
2762,2
2763,2
2764,1
2765,2
2766,1
2767,1
2768,1
2769,1
2770,1
2771,2
2772,1
2773,1
2774,1
2775,2
2776,2
2777,2
2778,1
2779,1
2780,1
2781,1
2782,1
2783,2
2784,1
2785,2
2786,2
2787,2
2788,2
2789,2
2790,1
2791,2
2792,2
2793,2
2794,1
2795,2
2796,2
2797,1
2798,2
2799,2
2800,1
2801,2
2802,2
2803,2
2804,2
2805,1
2806,1
2807,1
2808,2
2809,2
2810,1
2811,1
2812,1
2813,2
2814,2
2815,1
2816,1
2817,2
2818,1
2819,1
2820,2
2821,2
2822,1
2823,2
2824,2
2825,2
2826,1
2827,1
2828,2
2829,1
2830,1
2831,2
2832,1
2833,1
2834,1
2835,2
2836,2
2837,2
2838,1
2839,1
2840,1
2841,1
2842,1
2843,2
2844,2
2845,2
2846,2
2847,2
2848,1
2849,2
2850,2
2851,1
2852,2
2853,1
2854,1
2855,2
2856,2
2857,1
2858,1
2859,1
2860,2
2861,1
2862,1
2863,1
2864,1
2865,2
2866,1
2867,1
2868,1
2869,1
2870,2
2871,1
2872,1
2873,1
2874,1
2875,2
2876,1
2877,2
2878,1
2879,1
2880,2
2881,2
2882,2
2883,1
2884,1
2885,2
2886,1
2887,1
2888,1
2889,2
2890,1
2891,1
2892,1
2893,2
2894,1
2895,1
2896,2
2897,2
2898,2
2899,2
2900,2
2901,2
2902,1
2903,1
2904,2
2905,2
2906,2
2907,1
2908,2
2909,2
2910,2
2911,1
2912,2
2913,1
2914,1
2915,2
2916,2
2917,1
2918,2
2919,1
2920,2
2921,2
2922,1
2923,1
2924,2
2925,2
2926,2
2927,1
2928,1
2929,1
2930,2
2931,2
2932,1
2933,2
2934,2
2935,2
2936,2
2937,1
2938,1
2939,1
2940,1
2941,1
2942,2
2943,2
2944,2
2945,1
2946,2
2947,1
2948,2
2949,1
2950,2
2951,1
2952,1
2953,1
2954,2
2955,1
2956,2
2957,1
2958,2
2959,2
2960,1
2961,2
2962,1
2963,1
2964,1
2965,1
2966,1
2967,2
2968,1
2969,1
2970,1
2971,2
2972,2
2973,2
2974,1
2975,2
2976,1
2977,2
2978,1
2979,2
2980,2
2981,1
2982,2
2983,2
2984,1
2985,1
2986,2
2987,2
2988,2
2989,2
2990,2
2991,2
2992,1
2993,1
2994,1
2995,1
2996,1
2997,1
2998,1
2999,2
3000,2
3001,1
3002,1
3003,1
3004,2
3005,1
3006,1
3007,2
3008,2
3009,1
3010,2
3011,2
3012,1
3013,1
3014,2
3015,2
3016,1
3017,1
3018,1
3019,1
3020,1
3021,1
3022,1
3023,1
3024,1
3025,2
3026,1
3027,2
3028,2
3029,1
3030,2
3031,1
3032,1
3033,1
3034,2
3035,1
3036,1
3037,2
3038,1
3039,1
3040,1
3041,2
3042,1
3043,2
3044,1
3045,1
3046,2
3047,1
3048,1
3049,2
3050,2
3051,1
3052,1
3053,1
3054,1
3055,1
3056,1
3057,1
3058,1
3059,1
3060,1
3061,1
3062,2
3063,1
3064,1
3065,1
3066,1
3067,2
3068,1
3069,2
3070,1
3071,1
3072,2
3073,2
3074,2
3075,2
3076,1
3077,1
3078,1
3079,1
3080,1
3081,1
3082,1
3083,1
3084,2
3085,1
3086,2
3087,2
3088,2
3089,1
3090,2
3091,1
3092,2
3093,1
3094,2
3095,1
3096,1
3097,1
3098,1
3099,1
3100,2
3101,1
3102,2
3103,2
3104,2
3105,1
3106,2
3107,1
3108,2
3109,1
3110,2
3111,1
3112,2
3113,1
3114,2
3115,1
3116,1
3117,2
3118,2
3119,2
3120,2
3121,1
3122,1
3123,1
3124,2
3125,1
3126,2
3127,2
3128,1
3129,1
3130,2
3131,1
3132,1
3133,2
3134,2
3135,2
3136,2
3137,1
3138,2
3139,1
3140,2
3141,1
3142,1
3143,2
3144,2
3145,1
3146,2
3147,2
3148,2
3149,1
3150,1
3151,2
3152,2
3153,1
3154,1
3155,2
3156,2
3157,2
3158,1
3159,1
3160,1
3161,2
3162,2
3163,2
3164,1
3165,2
3166,1
3167,2
3168,1
3169,2
3170,2
3171,2
3172,1
3173,2
3174,1
3175,1
3176,2
3177,2
3178,2
3179,1
3180,1
3181,1
3182,2
3183,2
3184,2
3185,1
3186,1
3187,2
3188,1
3189,1
3190,2
3191,2
3192,2
3193,2
3194,1
3195,2
3196,2
3197,1
3198,1
3199,2
3200,2
3201,1
3202,1
3203,1
3204,1
3205,1
3206,1
3207,2
3208,1
3209,2
3210,2
3211,1
3212,2
3213,2
3214,2
3215,1
3216,2
3217,2
3218,2
3219,2
3220,1
3221,2
3222,1
3223,2
3224,2
3225,1
3226,2
3227,2
3228,2
3229,2
3230,2
3231,1
3232,1
3233,1
3234,1
3235,1
3236,1
3237,2
3238,2
3239,1
3240,1
3241,2
3242,2
3243,1
3244,2
3245,1
3246,2
3247,2
3248,1
3249,2
3250,1
3251,1
3252,2
3253,2
3254,1
3255,1
3256,1
3257,1
3258,1
3259,2
3260,1
3261,2
3262,2
3263,2
3264,2
3265,1
3266,1
3267,1
3268,1
3269,2
3270,2
3271,1
3272,2
3273,1
3274,1
3275,1
3276,2
3277,1
3278,2
3279,1
3280,1
3281,2
3282,1
3283,2
3284,1
3285,2
3286,1
3287,2
3288,1
3289,1
3290,1
3291,2
3292,1
3293,2
3294,2
3295,1
3296,2
3297,2
3298,1
3299,2
3300,1
3301,2
3302,1
3303,1
3304,2
3305,1
3306,2
3307,1
3308,2
3309,2
3310,2
3311,1
3312,1
3313,2
3314,2
3315,1
3316,1
3317,1
3318,1
3319,1
3320,2
3321,1
3322,1
3323,1
3324,1
3325,2
3326,2
3327,2
3328,1
3329,2
3330,1
3331,2
3332,2
3333,2
3334,1
3335,1
3336,2
3337,1
3338,2
3339,2
3340,2
3341,2
3342,2
3343,2
3344,2
3345,2
3346,2
3347,2
3348,2
3349,2
3350,2
3351,2
3352,2
3353,2
3354,2
3355,1
3356,2
3357,2
3358,2
3359,1
3360,2
3361,1
3362,1
3363,2
3364,1
3365,1
3366,1
3367,2
3368,1
3369,2
3370,1
3371,2
3372,2
3373,1
3374,1
3375,1
3376,2
3377,2
3378,2
3379,2
3380,1
3381,2
3382,1
3383,2
3384,1
3385,2
3386,2
3387,1
3388,1
3389,2
3390,2
3391,1
3392,1
3393,1
3394,2
3395,1
3396,2
3397,1
3398,1
3399,2
3400,1
3401,2
3402,2
3403,2
3404,1
3405,2
3406,1
3407,2
3408,1
3409,1
3410,2
3411,1
3412,2
3413,1
3414,1
3415,1
3416,1
3417,1
3418,1
3419,1
3420,1
3421,1
3422,2
3423,2
3424,1
3425,1
3426,2
3427,1
3428,2
3429,1
3430,2
3431,2
3432,2
3433,2
3434,1
3435,2
3436,1
3437,1
3438,1
3439,2
3440,1
3441,2
3442,1
3443,2
3444,1
3445,2
3446,2
3447,1
3448,2
3449,2
3450,2
3451,2
3452,1
3453,1
3454,2
3455,1
3456,1
3457,1
3458,1
3459,2
3460,1
3461,2
3462,1
3463,1
3464,1
3465,2
3466,1
3467,2
3468,1
3469,1
3470,1
3471,1
3472,2
3473,2
3474,2
3475,1
3476,2
3477,1
3478,1
3479,1
3480,2
3481,1
3482,1
3483,2
3484,2
3485,2
3486,1
3487,2
3488,2
3489,2
3490,1
3491,2
3492,2
3493,2
3494,2
3495,2
3496,2
3497,2
3498,2
3499,1
3500,1
3501,2
3502,1
3503,2
3504,2
3505,2
3506,2
3507,1
3508,2
3509,1
3510,1
3511,1
3512,2
3513,1
3514,1
3515,2
3516,1
3517,2
3518,2
3519,1
3520,1
3521,2
3522,2
3523,2
3524,2
3525,2
3526,1
3527,2
3528,2
3529,1
3530,2
3531,1
3532,1
3533,2
3534,1
3535,1
3536,2
3537,2
3538,1
3539,2
3540,2
3541,2
3542,1
3543,2
3544,1
3545,2
3546,2
3547,2
3548,1
3549,2
3550,1
3551,1
3552,2
3553,2
3554,1
3555,1
3556,1
3557,1
3558,1
3559,1
3560,1
3561,2
3562,1
3563,2
3564,2
3565,2
3566,1
3567,2
3568,1
3569,1
3570,2
3571,1
3572,2
3573,2
3574,1
3575,2
3576,2
3577,1
3578,1
3579,1
3580,1
3581,1
3582,2
3583,2
3584,1
3585,1
3586,1
3587,1
3588,1
3589,2
3590,2
3591,2
3592,2
3593,2
3594,2
3595,2
3596,2
3597,1
3598,1
3599,1
3600,1
3601,1
3602,1
3603,1
3604,1
3605,2
3606,1
3607,1
3608,1
3609,2
3610,1
3611,1
3612,2
3613,2
3614,2
3615,1
3616,1
3617,1
3618,2
3619,2
3620,1
3621,1
3622,1
3623,1
3624,2
3625,1
3626,2
3627,1
3628,2
3629,1
3630,2
3631,1
3632,2
3633,2
3634,1
3635,1
3636,1
3637,2
3638,1
3639,2
3640,2
3641,1
3642,1
3643,1
3644,2
3645,2
3646,1
3647,1
3648,2
3649,2
3650,2
3651,2
3652,1
3653,2
3654,1
3655,1
3656,2
3657,1
3658,1
3659,2
3660,1
3661,1
3662,1
3663,2
3664,1
3665,1
3666,1
3667,2
3668,2
3669,2
3670,2
3671,1
3672,1
3673,2
3674,1
3675,2
3676,1
3677,1
3678,2
3679,2
3680,1
3681,2
3682,2
3683,2
3684,2
3685,2
3686,1
3687,2
3688,1
3689,2
3690,1
3691,2
3692,1
3693,1
3694,1
3695,2
3696,1
3697,2
3698,1
3699,2
3700,2
3701,2
3702,1
3703,2
3704,2
3705,1
3706,1
3707,2
3708,2
3709,1
3710,1
3711,2
3712,2
3713,2
3714,2
3715,2
3716,2
3717,1
3718,1
3719,1
3720,1
3721,2
3722,1
3723,2
3724,1
3725,1
3726,2
3727,1
3728,1
3729,1
3730,2
3731,2
3732,1
3733,2
3734,2
3735,2
3736,1
3737,2
3738,2
3739,2
3740,2
3741,2
3742,2
3743,2
3744,2
3745,1
3746,2
3747,1
3748,1
3749,1
3750,2
3751,2
3752,2
3753,1
3754,1
3755,2
3756,1
3757,1
3758,1
3759,1
3760,2
3761,2
3762,1
3763,2
3764,1
3765,1
3766,1
3767,2
3768,1
3769,2
3770,2
3771,2
3772,2
3773,1
3774,2
3775,2
3776,2
3777,2
3778,2
3779,1
3780,1
3781,1
3782,1
3783,1
3784,2
3785,1
3786,1
3787,2
3788,1
3789,1
3790,2
3791,1
3792,2
3793,1
3794,2
3795,2
3796,1
3797,2
3798,1
3799,2
3800,2
3801,2
3802,1
3803,1
3804,1
3805,2
3806,2
3807,2
3808,1
3809,1
3810,1
3811,2
3812,1
3813,2
3814,2
3815,2
3816,2
3817,2
3818,2
3819,2
3820,2
3821,1
3822,1
3823,1
3824,1
3825,2
3826,2
3827,1
3828,1
3829,2
3830,1
3831,1
3832,2
3833,1
3834,2
3835,2
3836,1
3837,2
3838,1
3839,1
3840,2
3841,1
3842,1
3843,2
3844,2
3845,2
3846,1
3847,2
3848,2
3849,2
3850,1
3851,1
3852,1
3853,1
3854,2
3855,1
3856,2
3857,2
3858,1
3859,1
3860,2
3861,2
3862,2
3863,1
3864,2
3865,2
3866,2
3867,1
3868,2
3869,1
3870,1
3871,1
3872,2
3873,2
3874,1
3875,2
3876,1
3877,1
3878,2
3879,1
3880,1
3881,2
3882,1
3883,1
3884,2
3885,2
3886,2
3887,2
3888,1
3889,2
3890,2
3891,1
3892,2
3893,2
3894,1
3895,1
3896,1
3897,2
3898,1
3899,2
3900,1
3901,2
3902,1
3903,2
3904,2
3905,2
3906,1
3907,1
3908,2
3909,1
3910,1
3911,2
3912,2
3913,2
3914,2
3915,2
3916,2
3917,2
3918,2
3919,2
3920,1
3921,2
3922,1
3923,1
3924,2
3925,1
3926,2
3927,1
3928,2
3929,1
3930,2
3931,2
3932,1
3933,1
3934,2
3935,2
3936,2
3937,2
3938,1
3939,1
3940,2
3941,1
3942,2
3943,2
3944,2
3945,1
3946,2
3947,2
3948,1
3949,1
3950,2
3951,1
3952,1
3953,1
3954,1
3955,2
3956,2
3957,1
3958,2
3959,2
3960,2
3961,1
3962,1
3963,2
3964,2
3965,2
3966,1
3967,2
3968,2
3969,1
3970,2
3971,1
3972,2
3973,1
3974,1
3975,1
3976,2
3977,1
3978,1
3979,2
3980,1
3981,2
3982,1
3983,2
3984,1
3985,1
3986,2
3987,2
3988,2
3989,2
3990,2
3991,1
3992,1
3993,2
3994,2
3995,2
3996,1
3997,2
3998,2
3999,1
4000,2
4001,1
4002,1
4003,1
4004,1
4005,2
4006,1
4007,1
4008,2
4009,2
4010,2
4011,2
4012,2
4013,2
4014,2
4015,2
4016,1
4017,2
4018,2
4019,1
4020,1
4021,2
4022,1
4023,2
4024,2
4025,2
4026,1
4027,2
4028,2
4029,2
4030,2
4031,1
4032,2
4033,1
4034,1
4035,2
4036,2
4037,1
4038,1
4039,2
4040,1
4041,1
4042,2
4043,2
4044,2
4045,1
4046,2
4047,1
4048,2
4049,1
4050,2
4051,1
4052,1
4053,1
4054,1
4055,2
4056,1
4057,2
4058,2
4059,2
4060,1
4061,2
4062,1
4063,2
4064,2
4065,1
4066,1
4067,1
4068,2
4069,2
4070,2
4071,1
4072,2
4073,1
4074,2
4075,2
4076,1
4077,2
4078,1
4079,2
4080,1
4081,2
4082,1
4083,2
4084,2
4085,2
4086,2
4087,1
4088,1
4089,1
4090,1
4091,2
4092,2
4093,2
4094,2
4095,1
4096,2
4097,2
4098,2
4099,2
4100,1
4101,2
4102,2
4103,1
4104,2
4105,2
4106,1
4107,1
4108,2
4109,2
4110,1
4111,2
4112,2
4113,1
4114,1
4115,2
4116,1
4117,1
4118,1
4119,2
4120,2
4121,2
4122,1
4123,1
4124,2
4125,2
4126,1
4127,2
4128,1
4129,1
4130,2
4131,2
4132,1
4133,2
4134,2
4135,2
4136,2
4137,2
4138,1
4139,2
4140,2
4141,1
4142,2
4143,2
4144,1
4145,2
4146,1
4147,1
4148,1
4149,1
4150,2
4151,2
4152,1
4153,2
4154,1
4155,2
4156,2
4157,2
4158,1
4159,2
4160,2
4161,1
4162,2
4163,2
4164,2
4165,2
4166,1
4167,2
4168,1
4169,2
4170,2
4171,2
4172,1
4173,2
4174,1
4175,2
4176,2
4177,2
4178,2
4179,2
4180,1
4181,2
4182,2
4183,2
4184,1
4185,2
4186,2
4187,2
4188,2
4189,1
4190,2
4191,2
4192,2
4193,1
4194,1
4195,1
4196,2
4197,1
4198,1
4199,2
4200,1
4201,1
4202,2
4203,1
4204,1
4205,2
4206,2
4207,2
4208,2
4209,1
4210,2
4211,1
4212,1
4213,2
4214,2
4215,2
4216,1
4217,1
4218,1
4219,2
4220,1
4221,1
4222,2
4223,2
4224,1
4225,2
4226,2
4227,1
4228,1
4229,2
4230,1
4231,1
4232,2
4233,2
4234,1
4235,2
4236,1
4237,2
4238,2
4239,1
4240,2
4241,1
4242,2
4243,1
4244,2
4245,1
4246,1
4247,1
4248,1
4249,1
4250,1
4251,2
4252,2
4253,1
4254,2
4255,2
4256,2
4257,1
4258,2
4259,2
4260,1
4261,1
4262,1
4263,2
4264,2
4265,1
4266,1
4267,2
4268,2
4269,2
4270,1
4271,2
4272,1
4273,1
4274,2
4275,1
4276,1
4277,1
4278,1
4279,2
4280,2
4281,2
4282,2
4283,1
4284,2
4285,2
4286,1
4287,1
4288,1
4289,1
4290,2
4291,1
4292,1
4293,2
4294,1
4295,1
4296,2
4297,2
4298,1
4299,1
4300,1
4301,2
4302,1
4303,1
4304,2
4305,1
4306,2
4307,1
4308,2
4309,1
4310,2
4311,2
4312,1
4313,1
4314,1
4315,2
4316,1
4317,2
4318,1
4319,2
4320,2
4321,1
4322,1
4323,2
4324,1
4325,1
4326,1
4327,1
4328,2
4329,2
4330,2
4331,2
4332,2
4333,2
4334,2
4335,2
4336,1
4337,2
4338,2
4339,2
4340,1
4341,2
4342,1
4343,1
4344,2
4345,2
4346,2
4347,1
4348,1
4349,2
4350,1
4351,1
4352,2
4353,2
4354,1
4355,2
4356,2
4357,1
4358,2
4359,1
4360,2
4361,1
4362,1
4363,2
4364,2
4365,2
4366,2
4367,2
4368,2
4369,2
4370,2
4371,1
4372,1
4373,1
4374,1
4375,1
4376,2
4377,1
4378,2
4379,1
4380,2
4381,2
4382,2
4383,1
4384,1
4385,2
4386,2
4387,2
4388,1
4389,1
4390,1
4391,1
4392,1
4393,2
4394,2
4395,1
4396,1
4397,1
4398,1
4399,1
4400,2
4401,2
4402,1
4403,1
4404,2
4405,2
4406,1
4407,1
4408,2
4409,1
4410,1
4411,2
4412,2
4413,1
4414,2
4415,1
4416,2
4417,2
4418,2
4419,2
4420,1
4421,2
4422,1
4423,1
4424,1
4425,1
4426,1
4427,2
4428,1
4429,1
4430,1
4431,2
4432,1
4433,1
4434,1
4435,1
4436,2
4437,1
4438,1
4439,2
4440,2
4441,2
4442,2
4443,2
4444,2
4445,1
4446,1
4447,1
4448,2
4449,2
4450,1
4451,1
4452,2
4453,1
4454,1
4455,1
4456,2
4457,1
4458,1
4459,1
4460,1
4461,2
4462,1
4463,1
4464,1
4465,1
4466,1
4467,1
4468,2
4469,1
4470,2
4471,2
4472,2
4473,1
4474,1
4475,1
4476,2
4477,2
4478,2
4479,2
4480,1
4481,2
4482,2
4483,1
4484,2
4485,2
4486,1
4487,1
4488,1
4489,1
4490,1
4491,2
4492,2
4493,2
4494,1
4495,1
4496,2
4497,2
4498,1
4499,2
4500,1
4501,2
4502,2
4503,1
4504,2
4505,2
4506,1
4507,1
4508,2
4509,1
4510,2
4511,1
4512,1
4513,2
4514,2
4515,2
4516,2
4517,1
4518,1
4519,2
4520,2
4521,2
4522,2
4523,2
4524,2
4525,2
4526,2
4527,2
4528,1
4529,1
4530,2
4531,1
4532,1
4533,2
4534,1
4535,2
4536,2
4537,1
4538,1
4539,2
4540,1
4541,1
4542,2
4543,2
4544,1
4545,2
4546,1
4547,1
4548,1
4549,2
4550,1
4551,1
4552,2
4553,1
4554,1
4555,2
4556,1
4557,2
4558,2
4559,1
4560,2
4561,2
4562,2
4563,1
4564,1
4565,1
4566,2
4567,2
4568,2
4569,1
4570,1
4571,2
4572,2
4573,2
4574,2
4575,2
4576,2
4577,2
4578,1
4579,2
4580,2
4581,2
4582,2
4583,2
4584,1
4585,2
4586,1
4587,2
4588,1
4589,1
4590,2
4591,1
4592,1
4593,2
4594,2
4595,2
4596,1
4597,2
4598,1
4599,2
4600,1
4601,2
4602,1
4603,1
4604,2
4605,2
4606,1
4607,2
4608,2
4609,2
4610,1
4611,2
4612,2
4613,1
4614,2
4615,2
4616,2
4617,1
4618,1
4619,2
4620,1
4621,1
4622,1
4623,1
4624,2
4625,2
4626,1
4627,1
4628,2
4629,1
4630,2
4631,2
4632,1
4633,2
4634,2
4635,1
4636,1
4637,2
4638,2
4639,1
4640,2
4641,1
4642,1
4643,2
4644,1
4645,2
4646,1
4647,2
4648,1
4649,1
4650,2
4651,1
4652,1
4653,2
4654,2
4655,1
4656,1
4657,1
4658,1
4659,1
4660,1
4661,2
4662,2
4663,1
4664,2
4665,2
4666,1
4667,2
4668,2
4669,2
4670,2
4671,2
4672,2
4673,2
4674,1
4675,1
4676,1
4677,2
4678,2
4679,1
4680,2
4681,2
4682,2
4683,2
4684,2
4685,1
4686,1
4687,2
4688,2
4689,2
4690,2
4691,1
4692,2
4693,2
4694,2
4695,1
4696,1
4697,2
4698,2
4699,2
4700,1
4701,1
4702,2
4703,2
4704,1
4705,2
4706,2
4707,1
4708,2
4709,2
4710,1
4711,1
4712,1
4713,2
4714,1
4715,1
4716,1
4717,1
4718,1
4719,2
4720,2
4721,1
4722,1
4723,2
4724,2
4725,1
4726,2
4727,1
4728,2
4729,1
4730,1
4731,2
4732,1
4733,2
4734,1
4735,2
4736,2
4737,1
4738,1
4739,1
4740,2
4741,1
4742,1
4743,1
4744,2
4745,1
4746,1
4747,2
4748,2
4749,1
4750,1
4751,2
4752,1
4753,2
4754,2
4755,1
4756,2
4757,2
4758,2
4759,1
4760,1
4761,2
4762,2
4763,2
4764,1
4765,1
4766,2
4767,1
4768,2
4769,1
4770,2
4771,2
4772,1
4773,2
4774,2
4775,1
4776,2
4777,1
4778,1
4779,1
4780,1
4781,1
4782,2
4783,1
4784,1
4785,1
4786,2
4787,1
4788,1
4789,1
4790,1
4791,1
4792,1
4793,1
4794,2
4795,2
4796,1
4797,2
4798,1
4799,2
4800,1
4801,1
4802,1
4803,1
4804,1
4805,1
4806,1
4807,1
4808,1
4809,2
4810,2
4811,2
4812,1
4813,1
4814,2
4815,2
4816,2
4817,2
4818,1
4819,2
4820,1
4821,2
4822,1
4823,2
4824,2
4825,1
4826,1
4827,2
4828,2
4829,1
4830,1
4831,1
4832,1
4833,2
4834,2
4835,2
4836,1
4837,2
4838,2
4839,1
4840,2
4841,1
4842,1
4843,2
4844,1
4845,2
4846,2
4847,1
4848,2
4849,2
4850,1
4851,2
4852,1
4853,1
4854,2
4855,2
4856,2
4857,2
4858,1
4859,2
4860,2
4861,1
4862,2
4863,1
4864,1
4865,1
4866,2
4867,1
4868,1
4869,1
4870,2
4871,1
4872,1
4873,1
4874,2
4875,2
4876,2
4877,2
4878,2
4879,1
4880,2
4881,1
4882,2
4883,2
4884,1
4885,1
4886,1
4887,1
4888,2
4889,1
4890,1
4891,1
4892,2
4893,2
4894,2
4895,1
4896,1
4897,1
4898,2
4899,2
4900,2
4901,2
4902,1
4903,1
4904,1
4905,2
4906,2
4907,2
4908,2
4909,2
4910,1
4911,2
4912,1
4913,1
4914,1
4915,1
4916,1
4917,1
4918,1
4919,1
4920,1
4921,2
4922,1
4923,1
4924,1
4925,1
4926,1
4927,1
4928,2
4929,2
4930,2
4931,1
4932,1
4933,1
4934,2
4935,2
4936,2
4937,1
4938,2
4939,2
4940,1
4941,1
4942,1
4943,2
4944,1
4945,2
4946,2
4947,2
4948,2
4949,2
4950,1
4951,1
4952,1
4953,1
4954,2
4955,2
4956,1
4957,2
4958,1
4959,2
4960,2
4961,1
4962,2
4963,2
4964,1
4965,2
4966,2
4967,1
4968,1
4969,2
4970,2
4971,1
4972,2
4973,1
4974,1
4975,2
4976,2
4977,2
4978,1
4979,1
4980,1
4981,2
4982,2
4983,1
4984,2
4985,2
4986,1
4987,1
4988,2
4989,2
4990,2
4991,2
4992,1
4993,1
4994,2
4995,2
4996,2
4997,2
4998,2
4999,2
5000,2
5001,2
5002,2
5003,1
5004,2
5005,1
5006,1
5007,2
5008,2
5009,2
5010,1
5011,2
5012,2
5013,2
5014,1
5015,2
5016,1
5017,1
5018,2
5019,1
5020,2
5021,2
5022,1
5023,1
5024,2
5025,1
5026,2
5027,2
5028,1
5029,1
5030,1
5031,1
5032,1
5033,1
5034,2
5035,2
5036,2
5037,1
5038,2
5039,2
5040,2
5041,1
5042,2
5043,2
5044,2
5045,2
5046,1
5047,1
5048,2
5049,1
5050,2
5051,2
5052,1
5053,1
5054,2
5055,2
5056,2
5057,1
5058,1
5059,1
5060,1
5061,1
5062,2
5063,2
5064,1
5065,2
5066,2
5067,1
5068,1
5069,1
5070,1
5071,2
5072,1
5073,1
5074,1
5075,2
5076,1
5077,1
5078,2
5079,1
5080,2
5081,1
5082,2
5083,1
5084,2
5085,2
5086,2
5087,1
5088,1
5089,2
5090,2
5091,1
5092,1
5093,1
5094,2
5095,1
5096,2
5097,1
5098,1
5099,1
5100,2
5101,1
5102,2
5103,1
5104,1
5105,1
5106,1
5107,1
5108,1
5109,1
5110,2
5111,2
5112,2
5113,1
5114,1
5115,2
5116,2
5117,2
5118,1
5119,2
5120,2
5121,2
5122,2
5123,2
5124,1
5125,1
5126,1
5127,2
5128,1
5129,2
5130,1
5131,1
5132,2
5133,1
5134,1
5135,1
5136,2
5137,2
5138,1
5139,1
5140,2
5141,2
5142,1
5143,2
5144,1
5145,2
5146,2
5147,1
5148,2
5149,1
5150,1
5151,2
5152,1
5153,2
5154,1
5155,2
5156,1
5157,2
5158,2
5159,2
5160,2
5161,1
5162,2
5163,2
5164,2
5165,1
5166,1
5167,2
5168,1
5169,2
5170,2
5171,2
5172,2
5173,2
5174,2
5175,2
5176,1
5177,1
5178,2
5179,1
5180,1
5181,2
5182,2
5183,1
5184,1
5185,1
5186,2
5187,1
5188,1
5189,2
5190,2
5191,2
5192,1
5193,1
5194,1
5195,1
5196,2
5197,2
5198,1
5199,2
5200,1
5201,2
5202,2
5203,1
5204,1
5205,2
5206,2
5207,2
5208,1
5209,1
5210,1
5211,1
5212,2
5213,1
5214,2
5215,1
5216,2
5217,2
5218,2
5219,2
5220,2
5221,1
5222,1
5223,2
5224,2
5225,2
5226,2
5227,1
5228,2
5229,2
5230,1
5231,2
5232,2
5233,1
5234,1
5235,2
5236,1
5237,1
5238,1
5239,1
5240,2
5241,2
5242,1
5243,1
5244,1
5245,2
5246,2
5247,1
5248,2
5249,2
5250,1
5251,1
5252,2
5253,2
5254,2
5255,1
5256,1
5257,1
5258,1
5259,2
5260,1
5261,1
5262,1
5263,2
5264,2
5265,1
5266,1
5267,1
5268,1
5269,1
5270,2
5271,1
5272,1
5273,1
5274,2
5275,2
5276,2
5277,1
5278,1
5279,1
5280,2
5281,1
5282,2
5283,1
5284,2
5285,2
5286,2
5287,2
5288,2
5289,1
5290,1
5291,1
5292,1
5293,1
5294,2
5295,2
5296,1
5297,2
5298,2
5299,1
5300,1
5301,2
5302,1
5303,2
5304,1
5305,1
5306,1
5307,2
5308,1
5309,2
5310,1
5311,1
5312,1
5313,2
5314,1
5315,1
5316,2
5317,2
5318,1
5319,2
5320,2
5321,1
5322,1
5323,2
5324,1
5325,1
5326,1
5327,1
5328,2
5329,2
5330,2
5331,2
5332,1
5333,2
5334,2
5335,2
5336,1
5337,2
5338,1
5339,1
5340,1
5341,2
5342,1
5343,1
5344,2
5345,2
5346,2
5347,2
5348,2
5349,1
5350,1
5351,2
5352,2
5353,1
5354,1
5355,2
5356,2
5357,2
5358,1
5359,2
5360,2
5361,2
5362,2
5363,1
5364,2
5365,1
5366,2
5367,2
5368,1
5369,1
5370,1
5371,2
5372,1
5373,1
5374,1
5375,1
5376,2
5377,1
5378,1
5379,2
5380,1
5381,1
5382,1
5383,2
5384,1
5385,2
5386,2
5387,1
5388,1
5389,2
5390,2
5391,1
5392,2
5393,1
5394,2
5395,1
5396,2
5397,2
5398,2
5399,1
5400,1
5401,2
5402,1
5403,2
5404,2
5405,1
5406,1
5407,1
5408,1
5409,1
5410,2
5411,1
5412,2
5413,2
5414,1
5415,1
5416,1
5417,2
5418,1
5419,1
5420,2
5421,2
5422,2
5423,2
5424,1
5425,1
5426,1
5427,1
5428,1
5429,1
5430,1
5431,1
5432,1
5433,2
5434,1
5435,2
5436,1
5437,2
5438,1
5439,2
5440,1
5441,1
5442,2
5443,1
5444,2
5445,1
5446,2
5447,1
5448,2
5449,1
5450,1
5451,2
5452,1
5453,1
5454,2
5455,1
5456,1
5457,2
5458,2
5459,2
5460,1
5461,2
5462,2
5463,2
5464,1
5465,1
5466,1
5467,2
5468,1
5469,1
5470,1
5471,1
5472,1
5473,1
5474,2
5475,1
5476,1
5477,2
5478,2
5479,2
5480,2
5481,1
5482,2
5483,2
5484,1
5485,1
5486,1
5487,2
5488,2
5489,1
5490,1
5491,2
5492,2
5493,2
5494,1
5495,1
5496,2
5497,1
5498,1
5499,2
5500,1
5501,2
5502,1
5503,1
5504,2
5505,1
5506,1
5507,1
5508,2
5509,1
5510,1
5511,1
5512,1
5513,1
5514,1
5515,1
5516,1
5517,1
5518,1
5519,1
5520,2
5521,2
5522,1
5523,2
5524,1
5525,1
5526,1
5527,1
5528,1
5529,1
5530,2
5531,2
5532,1
5533,1
5534,1
5535,2
5536,1
5537,2
5538,2
5539,1
5540,2
5541,1
5542,2
5543,1
5544,1
5545,1
5546,1
5547,2
5548,1
5549,1
5550,1
5551,1
5552,1
5553,2
5554,1
5555,2
5556,2
5557,2
5558,1
5559,1
5560,2
5561,1
5562,1
5563,2
5564,1
5565,2
5566,2
5567,1
5568,2
5569,1
5570,1
5571,1
5572,2
5573,2
5574,1
5575,1
5576,2
5577,2
5578,2
5579,2
5580,2
5581,2
5582,2
5583,1
5584,2
5585,2
5586,2
5587,1
5588,2
5589,2
5590,2
5591,1
5592,1
5593,2
5594,2
5595,2
5596,1
5597,1
5598,1
5599,2
5600,2
5601,2
5602,1
5603,1
5604,2
5605,1
5606,1
5607,1
5608,1
5609,2
5610,2
5611,2
5612,2
5613,1
5614,1
5615,1
5616,2
5617,1
5618,2
5619,1
5620,1
5621,1
5622,2
5623,1
5624,2
5625,2
5626,2
5627,1
5628,1
5629,2
5630,2
5631,2
5632,1
5633,1
5634,2
5635,2
5636,1
5637,2
5638,2
5639,2
5640,1
5641,1
5642,2
5643,2
5644,2
5645,2
5646,1
5647,2
5648,2
5649,2
5650,2
5651,2
5652,2
5653,2
5654,1
5655,1
5656,2
5657,1
5658,2
5659,2
5660,2
5661,2
5662,1
5663,1
5664,1
5665,1
5666,2
5667,1
5668,2
5669,2
5670,1
5671,2
5672,2
5673,2
5674,1
5675,2
5676,2
5677,2
5678,2
5679,1
5680,2
5681,2
5682,2
5683,1
5684,1
5685,1
5686,2
5687,1
5688,2
5689,2
5690,2
5691,2
5692,2
5693,1
5694,1
5695,2
5696,2
5697,1
5698,2
5699,2
5700,2
5701,1
5702,2
5703,2
5704,1
5705,2
5706,2
5707,2
5708,1
5709,1
5710,2
5711,1
5712,2
5713,1
5714,2
5715,1
5716,2
5717,1
5718,2
5719,2
5720,1
5721,2
5722,1
5723,1
5724,2
5725,2
5726,1
5727,2
5728,2
5729,2
5730,2
5731,1
5732,2
5733,2
5734,1
5735,2
5736,1
5737,2
5738,1
5739,2
5740,1
5741,2
5742,1
5743,2
5744,1
5745,2
5746,2
5747,1
5748,1
5749,2
5750,2
5751,1
5752,2
5753,1
5754,1
5755,1
5756,1
5757,1
5758,1
5759,2
5760,2
5761,2
5762,1
5763,2
5764,2
5765,1
5766,2
5767,2
5768,2
5769,2
5770,1
5771,2
5772,2
5773,1
5774,1
5775,2
5776,1
5777,2
5778,2
5779,1
5780,2
5781,2
5782,1
5783,2
5784,1
5785,2
5786,2
5787,2
5788,2
5789,2
5790,1
5791,1
5792,2
5793,1
5794,1
5795,2
5796,2
5797,1
5798,1
5799,1
5800,2
5801,2
5802,1
5803,1
5804,2
5805,1
5806,1
5807,1
5808,2
5809,2
5810,2
5811,2
5812,2
5813,2
5814,2
5815,2
5816,2
5817,2
5818,2
5819,1
5820,1
5821,1
5822,1
5823,1
5824,2
5825,2
5826,1
5827,1
5828,1
5829,1
5830,1
5831,2
5832,1
5833,1
5834,1
5835,1
5836,2
5837,2
5838,1
5839,1
5840,1
5841,2
5842,1
5843,2
5844,1
5845,2
5846,1
5847,2
5848,1
5849,2
5850,2
5851,2
5852,1
5853,2
5854,1
5855,2
5856,1
5857,1
5858,2
5859,2
5860,1
5861,2
5862,2
5863,1
5864,1
5865,2
5866,2
5867,2
5868,2
5869,2
5870,2
5871,1
5872,1
5873,1
5874,1
5875,2
5876,2
5877,1
5878,1
5879,2
5880,2
5881,2
5882,1
5883,1
5884,1
5885,1
5886,1
5887,1
5888,1
5889,1
5890,2
5891,2
5892,1
5893,2
5894,1
5895,1
5896,2
5897,1
5898,1
5899,1
5900,1
5901,2
5902,1
5903,1
5904,2
5905,1
5906,2
5907,2
5908,2
5909,2
5910,2
5911,2
5912,2
5913,1
5914,2
5915,2
5916,2
5917,2
5918,1
5919,1
5920,1
5921,1
5922,1
5923,2
5924,1
5925,1
5926,1
5927,2
5928,2
5929,2
5930,1
5931,1
5932,2
5933,1
5934,2
5935,2
5936,2
5937,1
5938,1
5939,2
5940,2
5941,1
5942,1
5943,1
5944,1
5945,2
5946,1
5947,1
5948,1
5949,2
5950,1
5951,1
5952,2
5953,2
5954,2
5955,1
5956,1
5957,2
5958,2
5959,1
5960,2
5961,2
5962,2
5963,2
5964,1
5965,2
5966,1
5967,2
5968,2
5969,1
5970,2
5971,1
5972,1
5973,1
5974,2
5975,2
5976,2
5977,2
5978,1
5979,2
5980,1
5981,1
5982,1
5983,1
5984,2
5985,2
5986,2
5987,2
5988,1
5989,1
5990,1
5991,2
5992,2
5993,1
5994,1
5995,1
5996,2
5997,2
5998,2
5999,1
6000,2
6001,1
6002,2
6003,2
6004,1
6005,2
6006,1
6007,2
6008,1
6009,2
6010,1
6011,2
6012,1
6013,2
6014,1
6015,1
6016,2
6017,1
6018,1
6019,2
6020,1
6021,1
6022,2
6023,2
6024,1
6025,1
6026,2
6027,1
6028,1
6029,2
6030,1
6031,1
6032,2
6033,2
6034,2
6035,2
6036,2
6037,2
6038,1
6039,1
6040,2
6041,1
6042,2
6043,1
6044,2
6045,1
6046,2
6047,2
6048,2
6049,2
6050,2
6051,1
6052,2
6053,2
6054,1
6055,1
6056,1
6057,1
6058,2
6059,1
6060,1
6061,1
6062,1
6063,1
6064,1
6065,1
6066,2
6067,1
6068,2
6069,2
6070,2
6071,2
6072,1
6073,2
6074,2
6075,1
6076,1
6077,2
6078,1
6079,2
6080,1
6081,1
6082,1
6083,2
6084,2
6085,1
6086,2
6087,1
6088,1
6089,1
6090,2
6091,2
6092,1
6093,1
6094,1
6095,1
6096,1
6097,2
6098,2
6099,1
6100,2
6101,2
6102,1
6103,2
6104,1
6105,1
6106,1
6107,2
6108,1
6109,2
6110,2
6111,2
6112,1
6113,1
6114,2
6115,2
6116,1
6117,1
6118,1
6119,1
6120,1
6121,2
6122,1
6123,1
6124,1
6125,1
6126,1
6127,1
6128,2
6129,2
6130,1
6131,1
6132,2
6133,2
6134,2
6135,1
6136,2
6137,1
6138,2
6139,2
6140,2
6141,1
6142,1
6143,1
6144,1
6145,1
6146,2
6147,2
6148,2
6149,2
6150,1
6151,1
6152,1
6153,2
6154,1
6155,2
6156,2
6157,2
6158,2
6159,2
6160,1
6161,1
6162,2
6163,2
6164,2
6165,1
6166,2
6167,1
6168,1
6169,2
6170,1
6171,2
6172,2
6173,2
6174,1
6175,2
6176,1
6177,2
6178,1
6179,2
6180,2
6181,2
6182,1
6183,2
6184,1
6185,2
6186,2
6187,1
6188,1
6189,2
6190,2
6191,1
6192,1
6193,2
6194,1
6195,1
6196,1
6197,1
6198,1
6199,2
6200,2
6201,2
6202,1
6203,1
6204,2
6205,1
6206,2
6207,2
6208,1
6209,1
6210,2
6211,1
6212,2
6213,1
6214,2
6215,2
6216,2
6217,1
6218,2
6219,2
6220,2
6221,1
6222,1
6223,1
6224,2
6225,2
6226,2
6227,1
6228,1
6229,1
6230,2
6231,2
6232,2
6233,1
6234,1
6235,2
6236,1
6237,1
6238,1
6239,2
6240,1
6241,1
6242,1
6243,2
6244,2
6245,2
6246,2
6247,2
6248,2
6249,1
6250,1
6251,2
6252,1
6253,2
6254,2
6255,2
6256,2
6257,1
6258,2
6259,2
6260,1
6261,1
6262,1
6263,1
6264,2
6265,2
6266,1
6267,1
6268,2
6269,1
6270,1
6271,1
6272,2
6273,2
6274,1
6275,1
6276,1
6277,2
6278,2
6279,2
6280,1
6281,1
6282,1
6283,1
6284,1
6285,1
6286,2
6287,1
6288,2
6289,2
6290,2
6291,1
6292,2
6293,2
6294,2
6295,2
6296,1
6297,1
6298,1
6299,2
6300,1
6301,1
6302,1
6303,2
6304,1
6305,1
6306,2
6307,2
6308,1
6309,1
6310,2
6311,2
6312,2
6313,1
6314,2
6315,2
6316,1
6317,1
6318,1
6319,1
6320,1
6321,1
6322,1
6323,2
6324,1
6325,1
6326,2
6327,2
6328,2
6329,2
6330,1
6331,2
6332,2
6333,1
6334,2
6335,1
6336,2
6337,1
6338,2
6339,2
6340,2
6341,2
6342,1
6343,1
6344,2
6345,1
6346,2
6347,2
6348,1
6349,2
6350,2
6351,1
6352,1
6353,2
6354,1
6355,1
6356,1
6357,2
6358,1
6359,1
6360,2
6361,1
6362,1
6363,2
6364,2
6365,1
6366,2
6367,1
6368,2
6369,1
6370,2
6371,1
6372,2
6373,2
6374,1
6375,2
6376,1
6377,2
6378,1
6379,2
6380,1
6381,2
6382,2
6383,2
6384,1
6385,2
6386,2
6387,1
6388,1
6389,2
6390,2
6391,1
6392,2
6393,1
6394,1
6395,1
6396,1
6397,2
6398,1
6399,1
6400,1
6401,1
6402,2
6403,1
6404,1
6405,2
6406,2
6407,2
6408,1
6409,1
6410,2
6411,2
6412,2
6413,2
6414,1
6415,1
6416,1
6417,2
6418,2
6419,1
6420,2
6421,1
6422,1
6423,1
6424,2
6425,1
6426,2
6427,2
6428,2
6429,2
6430,2
6431,1
6432,1
6433,1
6434,2
6435,2
6436,1
6437,1
6438,1
6439,2
6440,1
6441,2
6442,2
6443,2
6444,1
6445,2
6446,1
6447,2
6448,2
6449,2
6450,1
6451,1
6452,1
6453,2
6454,2
6455,2
6456,1
6457,1
6458,2
6459,1
6460,2
6461,1
6462,1
6463,1
6464,2
6465,2
6466,2
6467,2
6468,2
6469,2
6470,1
6471,1
6472,1
6473,2
6474,1
6475,1
6476,2
6477,2
6478,2
6479,1
6480,2
6481,2
6482,1
6483,2
6484,1
6485,2
6486,1
6487,2
6488,1
6489,2
6490,2
6491,1
6492,1
6493,1
6494,1
6495,2
6496,2
6497,1
6498,1
6499,2
6500,2
6501,2
6502,1
6503,1
6504,2
6505,1
6506,2
6507,1
6508,2
6509,1
6510,1
6511,1
6512,1
6513,2
6514,1
6515,1
6516,1
6517,2
6518,1
6519,1
6520,2
6521,2
6522,1
6523,2
6524,2
6525,2
6526,1
6527,1
6528,1
6529,1
6530,1
6531,1
6532,2
6533,1
6534,2
6535,1
6536,1
6537,2
6538,2
6539,2
6540,1
6541,2
6542,2
6543,1
6544,1
6545,1
6546,1
6547,1
6548,2
6549,2
6550,1
6551,2
6552,1
6553,2
6554,2
6555,1
6556,2
6557,1
6558,1
6559,2
6560,2
6561,1
6562,1
6563,2
6564,2
6565,2
6566,2
6567,2
6568,2
6569,2
6570,1
6571,1
6572,2
6573,1
6574,2
6575,2
6576,2
6577,1
6578,2
6579,1
6580,2
6581,1
6582,1
6583,2
6584,1
6585,2
6586,1
6587,1
6588,1
6589,2
6590,1
6591,1
6592,1
6593,2
6594,1
6595,2
6596,2
6597,2
6598,1
6599,1
6600,2
6601,1
6602,1
6603,2
6604,1
6605,2
6606,1
6607,1
6608,2
6609,2
6610,2
6611,1
6612,1
6613,1
6614,2
6615,2
6616,1
6617,2
6618,1
6619,1
6620,2
6621,2
6622,1
6623,2
6624,1
6625,2
6626,1
6627,2
6628,2
6629,1
6630,2
6631,2
6632,2
6633,1
6634,1
6635,2
6636,1
6637,2
6638,1
6639,2
6640,2
6641,1
6642,2
6643,1
6644,2
6645,2
6646,2
6647,1
6648,2
6649,1
6650,2
6651,2
6652,1
6653,1
6654,2
6655,2
6656,2
6657,1
6658,1
6659,2
6660,1
6661,1
6662,2
6663,1
6664,2
6665,1
6666,2
6667,1
6668,2
6669,2
6670,1
6671,2
6672,1
6673,1
6674,1
6675,1
6676,2
6677,1
6678,1
6679,2
6680,2
6681,2
6682,2
6683,1
6684,2
6685,2
6686,1
6687,2
6688,1
6689,2
6690,1
6691,2
6692,2
6693,1
6694,1
6695,2
6696,1
6697,2
6698,1
6699,1
6700,2
6701,2
6702,1
6703,1
6704,1
6705,2
6706,1
6707,2
6708,1
6709,2
6710,2
6711,1
6712,2
6713,2
6714,1
6715,2
6716,2
6717,1
6718,2
6719,2
6720,2
6721,2
6722,2
6723,2
6724,1
6725,1
6726,2
6727,1
6728,2
6729,2
6730,1
6731,1
6732,2
6733,2
6734,1
6735,1
6736,1
6737,1
6738,1
6739,2
6740,1
6741,2
6742,2
6743,2
6744,1
6745,1
6746,1
6747,1
6748,2
6749,2
6750,1
6751,2
6752,1
6753,2
6754,2
6755,2
6756,1
6757,1
6758,1
6759,1
6760,1
6761,1
6762,2
6763,1
6764,1
6765,2
6766,1
6767,1
6768,2
6769,2
6770,2
6771,2
6772,2
6773,1
6774,1
6775,1
6776,1
6777,1
6778,2
6779,1
6780,2
6781,1
6782,2
6783,2
6784,2
6785,2
6786,2
6787,2
6788,2
6789,1
6790,2
6791,2
6792,2
6793,2
6794,1
6795,1
6796,1
6797,1
6798,2
6799,2
6800,1
6801,2
6802,1
6803,2
6804,2
6805,1
6806,2
6807,2
6808,2
6809,1
6810,2
6811,2
6812,1
6813,1
6814,1
6815,2
6816,2
6817,2
6818,1
6819,1
6820,1
6821,1
6822,1
6823,1
6824,1
6825,2
6826,1
6827,1
6828,2
6829,1
6830,2
6831,1
6832,2
6833,2
6834,2
6835,1
6836,2
6837,1
6838,1
6839,2
6840,1
6841,1
6842,1
6843,1
6844,2
6845,2
6846,1
6847,1
6848,1
6849,1
6850,2
6851,2
6852,2
6853,2
6854,2
6855,2
6856,1
6857,2
6858,2
6859,2
6860,2
6861,2
6862,2
6863,2
6864,2
6865,2
6866,2
6867,1
6868,2
6869,1
6870,1
6871,1
6872,1
6873,2
6874,2
6875,1
6876,1
6877,1
6878,1
6879,1
6880,1
6881,2
6882,1
6883,1
6884,1
6885,2
6886,2
6887,2
6888,2
6889,2
6890,1
6891,2
6892,2
6893,1
6894,2
6895,1
6896,1
6897,2
6898,2
6899,2
6900,2
6901,2
6902,2
6903,2
6904,1
6905,1
6906,2
6907,2
6908,1
6909,1
6910,1
6911,1
6912,1
6913,2
6914,1
6915,2
6916,2
6917,2
6918,2
6919,1
6920,2
6921,2
6922,2
6923,1
6924,1
6925,1
6926,1
6927,2
6928,2
6929,2
6930,2
6931,2
6932,1
6933,2
6934,2
6935,1
6936,1
6937,2
6938,1
6939,1
6940,2
6941,1
6942,1
6943,1
6944,1
6945,1
6946,2
6947,1
6948,1
6949,2
6950,2
6951,2
6952,2
6953,1
6954,2
6955,1
6956,1
6957,2
6958,2
6959,1
6960,1
6961,1
6962,2
6963,2
6964,2
6965,1
6966,1
6967,1
6968,1
6969,1
6970,1
6971,1
6972,2
6973,2
6974,2
6975,2
6976,1
6977,1
6978,1
6979,1
6980,2
6981,2
6982,1
6983,1
6984,2
6985,2
6986,2
6987,2
6988,2
6989,2
6990,1
6991,1
6992,1
6993,1
6994,1
6995,1
6996,2
6997,1
6998,2
6999,2
7000,2
7001,2
7002,2
7003,1
7004,1
7005,2
7006,1
7007,2
7008,2
7009,1
7010,2
7011,2
7012,1
7013,2
7014,1
7015,1
7016,1
7017,1
7018,1
7019,1
7020,2
7021,2
7022,1
7023,1
7024,1
7025,1
7026,1
7027,2
7028,1
7029,1
7030,2
7031,1
7032,1
7033,2
7034,1
7035,2
7036,2
7037,1
7038,2
7039,1
7040,2
7041,1
7042,1
7043,2
7044,1
7045,1
7046,1
7047,1
7048,2
7049,1
7050,2
7051,2
7052,1
7053,1
7054,2
7055,1
7056,1
7057,2
7058,2
7059,1
7060,1
7061,2
7062,2
7063,2
7064,1
7065,1
7066,1
7067,1
7068,1
7069,1
7070,2
7071,1
7072,1
7073,1
7074,2
7075,2
7076,2
7077,2
7078,2
7079,2
7080,2
7081,2
7082,2
7083,2
7084,2
7085,2
7086,1
7087,2
7088,2
7089,2
7090,2
7091,1
7092,1
7093,2
7094,2
7095,1
7096,1
7097,2
7098,1
7099,1
7100,1
7101,2
7102,1
7103,2
7104,1
7105,2
7106,1
7107,2
7108,1
7109,1
7110,1
7111,2
7112,2
7113,2
7114,1
7115,1
7116,1
7117,1
7118,1
7119,2
7120,1
7121,1
7122,1
7123,2
7124,2
7125,2
7126,2
7127,2
7128,2
7129,1
7130,1
7131,1
7132,2
7133,1
7134,1
7135,2
7136,1
7137,1
7138,1
7139,2
7140,1
7141,1
7142,1
7143,2
7144,1
7145,1
7146,2
7147,2
7148,1
7149,1
7150,2
7151,2
7152,1
7153,1
7154,2
7155,1
7156,1
7157,2
7158,2
7159,1
7160,1
7161,2
7162,2
7163,2
7164,2
7165,1
7166,2
7167,2
7168,2
7169,2
7170,1
7171,2
7172,2
7173,1
7174,1
7175,2
7176,1
7177,1
7178,1
7179,1
7180,1
7181,1
7182,2
7183,1
7184,1
7185,2
7186,1
7187,1
7188,1
7189,1
7190,2
7191,2
7192,1
7193,1
7194,1
7195,2
7196,1
7197,2
7198,2
7199,2
7200,1
7201,1
7202,1
7203,1
7204,1
7205,1
7206,1
7207,1
7208,2
7209,2
7210,1
7211,2
7212,1
7213,2
7214,1
7215,1
7216,2
7217,2
7218,2
7219,1
7220,2
7221,1
7222,1
7223,2
7224,2
7225,1
7226,2
7227,2
7228,1
7229,2
7230,2
7231,1
7232,2
7233,1
7234,2
7235,2
7236,2
7237,1
7238,2
7239,1
7240,2
7241,2
7242,2
7243,2
7244,2
7245,2
7246,1
7247,1
7248,2
7249,2
7250,2
7251,2
7252,1
7253,2
7254,2
7255,1
7256,2
7257,2
7258,1
7259,1
7260,1
7261,1
7262,2
7263,1
7264,2
7265,2
7266,2
7267,2
7268,2
7269,1
7270,2
7271,1
7272,2
7273,2
7274,1
7275,1
7276,2
7277,2
7278,2
7279,1
7280,2
7281,1
7282,2
7283,2
7284,1
7285,2
7286,1
7287,2
7288,1
7289,1
7290,2
7291,2
7292,2
7293,1
7294,1
7295,2
7296,1
7297,2
7298,1
7299,2
7300,1
7301,2
7302,2
7303,2
7304,1
7305,2
7306,1
7307,2
7308,2
7309,2
7310,1
7311,1
7312,1
7313,2
7314,2
7315,2
7316,1
7317,1
7318,1
7319,2
7320,1
7321,2
7322,1
7323,1
7324,2
7325,2
7326,1
7327,2
7328,2
7329,2
7330,2
7331,2
7332,1
7333,1
7334,1
7335,2
7336,1
7337,2
7338,2
7339,2
7340,2
7341,1
7342,2
7343,1
7344,1
7345,1
7346,1
7347,2
7348,2
7349,2
7350,1
7351,2
7352,2
7353,1
7354,1
7355,2
7356,1
7357,1
7358,2
7359,1
7360,2
7361,1
7362,1
7363,1
7364,2
7365,2
7366,2
7367,2
7368,1
7369,2
7370,1
7371,1
7372,2
7373,2
7374,1
7375,2
7376,1
7377,1
7378,1
7379,2
7380,1
7381,2
7382,1
7383,1
7384,1
7385,2
7386,1
7387,2
7388,2
7389,2
7390,2
7391,2
7392,2
7393,1
7394,1
7395,2
7396,1
7397,1
7398,2
7399,1
